{"Loss": 0.009241096791811287, "_runtime": 57, "_timestamp": 1635269099, "_step": 399, "Val Loss": 0.1998354196548462, "Acc": 99.35, "Val Acc": 78.2, "_wandb": {"runtime": 57}}